City of Origin, State of Origin,City of Destination, State of Destination
Austin, TX,Asheville, NC
Austin, TX,Cincinnati, OH
Austin, TX,Des Moines, IA
Austin, TX,Grand Rapids, MI
Austin, TX,Indianapolis, IN
Austin, TX,Knoxville, TN
Austin, TX,Las Vegas, NV
Austin, TX,Pittsburgh, PA
Austin, TX,Provo, UT
Austin, TX,Sanford / Orlando, FL
Austin, TX,Sarasota / Bradenton, FL
Austin, TX,Washington D.C. / Dulles
Boston (Logan), MA,Asheville, NC
Boston (Logan), MA,Des Moines, IA
Boston (Logan), MA,Destin / Fort Walton Beach, FL
Boston (Logan), MA,Grand Rapids, MI
Boston (Logan), MA,Indianapolis, IN
Boston (Logan), MA,Knoxville, TN
Boston (Logan), MA,Norfolk, VA
Boston (Logan), MA,Sarasota / Bradenton, FL
Boston (Logan), MA,Savannah, GA
Boston (Logan), MA,Hilton Head, SC
Charleston, SC,Cincinnati, OH
Charleston, SC,Columbus (Rickenbacker), OH
Charleston, SC,Indianapolis, IN
Charleston, SC,Louisville, KY (Seasonal)
Chicago (Midway), IL,Asheville, NC
Chicago (Midway), IL,Destin / Fort Walton Beach, FL
Chicago (Midway), IL,Fort Myers / Punta Gorda, FL
Chicago (Midway), IL,Knoxville, TN
Chicago (Midway), IL,Provo, UT
Chicago (Midway), IL,Savannah, GA / Hilton Head, SC
Denver, CO,Allentown (Lehigh Valley), PA
Denver, CO,Appleton / Green Bay, WI
Denver, CO,Asheville, NC
Denver, CO,Cincinnati, OH
Denver, CO,Idaho Falls, ID
Denver, CO,Knoxville, TN
Denver, CO,Peoria, IL
Denver, CO,Stockton, CA
Destin / Fort Walton Beach, FL,Akron-Canton, OH
Destin / Fort Walton Beach, FL,Asheville, NC
Destin / Fort Walton Beach, FL,Belleville, IL / St. Louis, MO
Destin / Fort Walton Beach, FL,Boston (Logan), MA
Destin / Fort Walton Beach, FL,Chicago (Midway), IL
Destin / Fort Walton Beach, FL,Cincinnati, OH
Destin / Fort Walton Beach, FL,Clarksburg / Morgantown, WV
Destin / Fort Walton Beach, FL,Columbus (Rickenbacker), OH
Destin / Fort Walton Beach, FL,Des Moines, IA
Destin / Fort Walton Beach, FL,Evansville, IN
Destin / Fort Walton Beach, FL,Flint, MI
Destin / Fort Walton Beach, FL,Grand Rapids, MI
Destin / Fort Walton Beach, FL,Huntington (Tri-State), WV
Destin / Fort Walton Beach, FL,Indianapolis, IN
Destin / Fort Walton Beach, FL,Kansas City, MO
Destin / Fort Walton Beach, FL,Knoxville, TN
Destin / Fort Walton Beach, FL,Las Vegas, NV
Destin / Fort Walton Beach, FL,Lexington, KY
Destin / Fort Walton Beach, FL,Little Rock, AR
Destin / Fort Walton Beach, FL,Louisville, KY
Destin / Fort Walton Beach, FL,Memphis, TN
Destin / Fort Walton Beach, FL,Minneapolis-St. Paul, MN
Destin / Fort Walton Beach, FL,New York City, NY / Newark, NJ
Destin / Fort Walton Beach, FL,Northwest Arkansas, AR
Destin / Fort Walton Beach, FL,Oklahoma City, OK
Destin / Fort Walton Beach, FL,Omaha, NE
Destin / Fort Walton Beach, FL,Peoria, IL
Destin / Fort Walton Beach, FL,Pittsburgh, PA
Destin / Fort Walton Beach, FL,Shreveport, LA
Destin / Fort Walton Beach, FL,Springfield / Branson, MO
Destin / Fort Walton Beach, FL,Tulsa, OK
Destin / Fort Walton Beach, FL,Washington D.C. / Dulles
Destin / Fort Walton Beach, FL,Wichita, KS
Fort Lauderdale / Miami, FL,Akron-Canton, OH
Fort Lauderdale / Miami, FL,Allentown (Lehigh Valley), PA
Fort Lauderdale / Miami, FL,Appleton / Green Bay, WI
Fort Lauderdale / Miami, FL,Asheville, NC
Fort Lauderdale / Miami, FL,Bangor, ME
Fort Lauderdale / Miami, FL,Belleville / St. Louis, MO
Fort Lauderdale / Miami, FL,Cedar Rapids, IA
Fort Lauderdale / Miami, FL,Cincinnati, OH
Fort Lauderdale / Miami, FL,Columbia, SC
Fort Lauderdale / Miami, FL,Columbus (Rickenbacker), OH
Fort Lauderdale / Miami, FL,Concord / Charlotte, NC
Fort Lauderdale / Miami, FL,Des Moines, IA
Fort Lauderdale / Miami, FL,Flint, MI
Fort Lauderdale / Miami, FL,Grand Rapids, MI
Fort Lauderdale / Miami, FL,Greenville / Spartanburg, SC
Fort Lauderdale / Miami, FL,Harrisburg, PA
Fort Lauderdale / Miami, FL,Huntington (Tri-State), WV
Fort Lauderdale / Miami, FL,Indianapolis, IN
Fort Lauderdale / Miami, FL,Knoxville, TN
Fort Lauderdale / Miami, FL,Lexington, KY
Fort Lauderdale / Miami, FL,Louisville, KY
Fort Lauderdale / Miami, FL,Memphis, TN
Fort Lauderdale / Miami, FL,Nashville, TN
Fort Lauderdale / Miami, FL,Newburgh (Stewart), NY
Fort Lauderdale / Miami, FL,Norfolk, VA
Fort Lauderdale / Miami, FL,Northwest Arkansas, AR
Fort Lauderdale / Miami, FL,Peoria, IL
Fort Lauderdale / Miami, FL,Plattsburgh, NY / Montreal, QC
Fort Lauderdale / Miami, FL,Savannah, GA / Hilton Head, SC
Fort Lauderdale / Miami, FL,Sioux Falls, SD
Fort Lauderdale / Miami, FL,Syracuse, NY
Fort Lauderdale / Miami, FL,Traverse City, MI